customer_id,first_name,last_name,city,mobile_no,pancard_no,dob
1,John,Doe,New Yorkk,123-456-7890,ABCDE1234F,15 June 1985
2,Jane,Smith,Los Angeles,987-654-3210,XYZAB5678C,25 December 1990
3,Liam,Smith,New York,123-456-1001,ABCD1234K,14 March 2017
4,Noah,Johnson,Los Angeles,123-456-1002,ABCD1235K,13 April 2006
5,Oliver,Williams,Chicago,123-456-1003,ABCD1236K,13 September 2023
6,James,Brown,Houston,123-456-1004,ABCD1237K,10 March 2017
7,Elijah,Jones,Phoenix,123-456-1005,ABCD1238K,28 May 2012
8,Mateo,Garcia,Philadelphia,123-456-1006,ABCD1239Kk,12 March 2022
9,Theodore,Miller,San Antonio,123-456-1007,ABCD1240Kk,04 March 2000
10.0,Henry,Davis,San Diego,123-456-1008,ABCD1241K,06 March 1990
11.0,Lucas,Rodriguez,Dallas,123-456-1009,ABCD1242Kk,18 October 2016
12.0,William,Martinez,San Jose,123-456-1010,ABCD1243K,05 November 1998
13.0, Benjamin,Hernandez,Austin,123-456-1011,ABCD1244K,13 April 2019
14.0, Levi,Lopez,Jacksonville,123-456-1012,ABCD1245K,27-03-1995
15.0, Sebastian,Gonzalez,San Francisco,123-456-1013,ABCD1246K,12-05-2005
16.0, Jack,Wilson,Columbus,123-456-1014,ABCD1247K,01-03-1996
17.0, Ezra,Anderson,Indianapolis,123-456-1015,ABCD1248K,02-01-2010
18.0, Michael,Thomas,Fort Worth,123-456-1016,ABCD1249K,23-06-2007
19.0, Daniel,Taylor,Charlotte,123-456-1017,ABCD1250kK,12-10-2010
20.0, Leo,Moore,Seattle,123-456-1018,ABCD1251K,05-11-2008
21.0, Owen,Jackson,Denver,123-456-1019,ABCD1252K,20-04-2022
22.0, Samuel,Martin,El Paso,123-456-1020,ABCD1253K,06-10-2000
23.0, Hudson,Lee,Detroit,123-456-1021,ABCD1254K,28-04-1998
24, Alexander,Perez,Boston,123-456-1022,ABCD1255K,22-11-2019
25, Asher,Thompson,Memphis,123-456-1023,ABCD1256K,20-07-2001
26, Luca,White,Nashville,123-456-1024,ABCD1257K,15-07-2001
27, Ethan,Harris,Baltimore,123-456-1025,ABCD1258K,12-07-2012
28, John,Sanchez,Milwaukee,123-456-1026,ABCD1259K,14-02-1994
29, David,Clark,Albuquerque,123-456-1027,ABCD1260K,22-09-2020
30, Jackson,Ramirez,Tucson,123-456-1028,ABCD1261K,28-03-2006
31, Joseph,Lewis,Fresno,123-456-1029,ABCD1262K,10-06-1990
32, Mason,Robinson,Sacramento,123-456-1030,ABCD1263K,05-10-2014
33, Luke,Walker,Kansas City,123-456-1031,ABCD1264K,24-12-2016
34, Matthew,Young,Mesa,123-456-1032,ABCD1265K,20-02-2023
35, Julian,Allen,Virginia Beach,123-456-1033,ABCD1266K,01-08-2005
36, Dylan,King,Atlanta,123-456-1034,ABCD1267K,25-03-2009
37, Elias,Wright,Colorado Springs,123-456-1035,ABCD1268K,20-04-2005
38, Jacob,Scott,Omaha,123-456-1036,ABCD1269K,02-11-2016
39, Maverick,Torres,Raleigh,123-456-1037,ABCD1270K,06-11-2007
40, Gabriel,Nguyen,Miami,123-456-1038,ABCD1271K,10-03-1996
41, Logan,Hill,Cleveland,123-456-1039,ABCD1272K,19-04-1994
42, Aiden,Flores,Tulsa,123-456-1040,ABCD1273K,15-01-2010
43, Thomas,Green,Oakland,123-456-1041,ABCD1274K,15-12-1994
44, Isaac,Adams,Minneapolis,123-456-1042,ABCD1275K,03-07-1994
45, Miles,Nelson,Wichita,123-456-1043,ABCD1276K,26-01-2002
46, Grayson,Baker,Arlington,123-456-1044,ABCD1277K,10-12-2012
47, Santiago,Hall,Bakersfield,123-456-1045,ABCD1278K,07-12-1992
48, Anthony,Rivera,Tampa,123-456-1046,ABCD1279K,13-11-2011
49, Wyatt,Campbell,Aurora,123-456-1047,ABCD1280K,03-07-1991
50, Carter,Mitchell,Anaheim,123-456-1048,ABCD1281K,04-06-2003
51, Jayden,Carter,Honolulu,123-456-1049,ABCD1282K,10-01-1990
52, Ezekiel,Roberts,Aurora,123-456-1050,ABCD1283K,22-12-2011
53, Caleb,Gomez,Corpus Christi,123-456-1051,ABCD1284K,19-02-2017
54, Cooper,Phillips,Lexington,123-456-1052,ABCD1285K,09-07-2001
55, Josiah,Evans,Henderson,123-456-1053,ABCD1286K,11-04-2011
56, Charles,Turner,Stockton,123-456-1054,ABCD1287K,09-06-1995
57, Christopher,Diaz,Cincinnati,123-456-1055,ABCD1288K,25-05-2023
58, Isaiah,Parker,St. Louis,123-456-1056,ABCD1289K,05-05-2014
59, Nolan,Cruz,Pittsburgh,123-456-1057,ABCD1290K,28-09-2020
60, Cameron,Edwards,Greensboro,123-456-1058,ABCD1291K,19-11-2003
61, Nathan,Collins,Newark,123-456-1059,ABCD1292K,26-04-2002
62, Joshua,Reyes,Plano,123-456-1060,ABCD1293K,24-11-2010
63, Kai,Stewart,Lincoln,123-456-1061,ABCD1294K,22-10-2002
64, Waylon,Morris,Orlando,123-456-1062,ABCD1295K,14-05-1994
65, Angel,Morales,Chula Vista,123-456-1063,ABCD1296K,01-11-2018
66, Lincoln,Murphy,Irvine,123-456-1064,ABCD1297K,14-10-2012
67, Andrew,Cook,Reno,123-456-1065,ABCD1298K,27-08-2020
68, Roman,Rogers,Laredo,123-456-1066,ABCD1299K,19-05-1997
69, Adrian,Gutierrez,Durham,123-456-1067,ABCD1300K,17-06-2018
70, Aaron,Ortiz,Buffalo,123-456-1068,ABCD1301K,04-07-2013
71, Wesley,Morgan,Chandler,123-456-1069,ABCD1302K,24-02-2000
72, Ian,Cooper,St. Paul,123-456-1070,ABCD1303K,24-06-2003
73, Thiago,Peterson,Joplin,123-456-1071,ABCD1304K,01-05-2014
74, Axel,Bailey,Fort Wayne,123-456-1072,ABCD1305K,02-04-2020
75, Brooks,Reed,Montgomery,123-456-1073,ABCD1306K,09-12-2001
76, Bennett,Kelly,Grand Rapids,123-456-1074,ABCD1307K,05-07-2021
77, Weston,Howard,Salt Lake City,123-456-1075,ABCD1308K,25-03-2000
78, Rowan,Ramos,Amarillo,123-456-1076,ABCD1309K,12-02-2016
79, Christian,Kim,Little Rock,123-456-1077,ABCD1310K,25-11-2000
80, Theo,Cox,Shreveport,123-456-1078,ABCD1311K,04-06-2009
81, Beau,Ward,Des Moines,123-456-1079,ABCD1312K,21-10-2009
82, Eli,Richardson,Mobile,123-456-1080,ABCD1313K,19-04-2019
83, Silas,Watson,Knoxville,123-456-1081,ABCD1314K,10-05-1992
84, Jonathan,Brooks,Montgomery,123-456-1082,ABCD1315K,13-11-2015
85, Ryan,Chavez,Overland Park,123-456-1083,ABCD1316K,19-12-2012
86, Leonardo,Wood,Cape Coral,123-456-1084,ABCD1317K,12-12-2006
87, Walker,James,Springfield,123-456-1085,ABCD1318K,5 October 1991
88, Jaxon,Bennett,Lancaster,123-456-1086,ABCD1319K,12 January 2020
89, Micah,Gray,Winston-Salem,123-456-1087,ABCD1320K,19 July 1991
90, Everett,Mendoza,Evansville,123-456-1088,ABCD1321K,19 March 2012
91, Robert,Ruiz,Charleston,123-456-1089,ABCD1322K,7 November 2022
92, Enzo,Hughes,Salem,123-456-1090,ABCD1323K,24 March 2000
93, Parker,Price,Huntington,123-456-1091,ABCD1324K,19 November 2000
94, Jeremiah,Alvarez,Meridian,123-456-1092,ABCD1325K,16 August 2011
95, Jose,Castillo,Macon,123-456-1093,ABCD1326K,26 October 2000
96, Colton,Sanders,Killeen,123-456-1094,ABCD1327K,20 August 2017
97, Luka,Patel,Billings,123-456-1095,ABCD1328K,8 November 2011
98, Easton,Myers,Tyler,123-456-1096,ABCD1329K,11 February 2007
99, Landon,Long,Long Beach,123-456-1097,ABCD1330K,14 April 2006
100, Jordan,Ross,Boulder,123-456-1098,ABCD1331K,4 December 2016
101, Amir,Foster,Lafayette,123-456-1099,ABCD1332K,20 October 1990
102, Gael,Jimenez,Elyria,123-456-1100,ABCD1333K,5 March 2019
103, Austin,Powell,New York,123-456-1101,ABCD1334K,13 July 2011
104, Adam,Jenkins,Los Angeles,123-456-1102,ABCD1335K,24-06-2008
105, Jameson,Perry,Chicago,123-456-1103,ABCD1336K,19-02-1995
106,//2,Russell,Houston,123-456-1104,ABCD1337K,06-09-1999
107, Xavier,Sullivan,Phoenix,123-456-1105,ABCD1338K,10-08-1990
108, Myles,Bell,Philadelphia,123-456-1106,ABCD1339K,28-07-1991
109, Dominic,Coleman,San Antonio,123-456-1107,ABCD1340K,15-10-2008
110, Damian,Butler,San Diego,123-456-1108,ABCD1341K,10-07-1995
111, Nicholas,Henderson,Dallas,123-456-1109,ABCD1342K,23-08-2005
112, Jace,Barnes,San Jose,123-456-1110,ABCD1343K,12-12-2010
113, Carson,Gonzales,Austin,123-456-1111,ABCD1344K,04-05-2004
114, Atlas,Fisher,Jacksonville,123-456-1112,ABCD1345K,04-06-2000
115, Adriel,Vasquez,San Francisco,123-456-1113,ABCD1346K,22-02-1994
116, Kayden,Simmons,Columbus,123-456-1114,ABCD1347K,05-03-1990
117, Hunter,Romero,Indianapolis,123-456-1115,ABCD1348K,19-01-2017
118, River,Jordan,Fort Worth,123-456-1116,ABCD1349K,09-03-2017
119, Greyson,Patterson,Charlotte,123-456-1117,ABCD1350K,23-04-2020
120, Emmett,Alexander,Seattle,123-456-1118,ABCD1351K,09-11-2007
121, Harrison,Hamilton,Denver,123-456-1119,ABCD1352K,11-04-2020
122, Vincent,Graham,El Paso,123-456-1120,ABCD1353K,02-12-2005
123, Milo,Reynolds,Detroit,123-456-1121,ABCD1354K,09-01-1997
124, Jasper,Griffin,Boston,123-456-1122,ABCD1355K,21-09-2003
125, Giovanni,Wallace,Memphis,123-456-1123,ABCD1356K,06-04-2010
126, Jonah,Moreno,Nashville,123-456-1124,ABCD1357K,17-04-2019
127, Zion,West,Baltimore,123-456-1125,ABCD1358K,24-12-2007
128, Connor,Cole,Milwaukee,123-456-1126,ABCD1359K,19-02-2009
129, Sawyer,Hayes,Albuquerque,123-456-1127,ABCD1360K,07-06-2020
130, Arthur,Bryant,Tucson,123-456-1128,ABCD1361K,08-07-1995
131, Ryder,Herrera,Fresno,123-456-1129,ABCD1362K,16-09-2020
13200%, Archer,Gibson,Sacramento,123-456-1130,ABCD1363K,19-01-1992
13300%, Lorenzo,Ellis,Kansas City,123-456-1131,ABCD1364K,22-10-2021
13400%, Declan,Tran,Mesa,123-456-1132,ABCD1365K,22-02-1999
13500%, Emiliano,Medina,Virginia Beach,123-456-1133,ABCD1366K,06-10-2020
13600%, Luis,Aguilar,Atlanta,123-456-1134,ABCD1367K,02-06-2009
13700%, Diego,Stevens,Colorado Springs,123-456-1135,ABCD1368K,11-04-1996
13800%, George,Murray,Omaha,123-456-1136,ABCD1369K,03-08-1992
13900%, Evan,Ford,Raleigh,123-456-1137,ABCD1370K,17-02-1997
14000%, Jaxson,Castro,Miami,123-456-1138,ABCD1371K,12-12-2021
14100%, Carlos,Marshall,Cleveland,123-456-1139,ABCD1372K,19-01-1991
14200%, Graham,Owens,Tulsa,123-456-1140,ABCD1373K,01-03-1994
14300%, Juan,Harrison,Oakland,123-456-1141,ABCD1374K,09-12-2004
14400%, Kingston,Fernandez,Minneapolis,123-456-1142,ABCD1375K,01-01-2009
14500%, Nathaniel,Mcdonald,Wichita,123-456-1143,ABCD1376K,04-05-2020
14600%, Matteo,Woods,Arlington,123-456-1144,ABCD1377K,13-09-2010
14700%, Legend,Washington,Bakersfield,123-456-1145,ABCD1378K,07-03-1997
14800%, Malachi,Kennedy,Tampa,123-456-1146,ABCD1379K,20-05-2019
14900%, Jason,Wells,Aurora,123-456-1147,ABCD1380K,28-09-2005
15000%, Leon,Vargas,Anaheim,123-456-1148,ABCD1381K,21-04-2003
151, Dawson,Henry,Honolulu,123-456-1149,ABCD1382K,17-11-2021
152, Bryson,Chen,Aurora,123-456-1150,ABCD1383K,28-03-2017
153, Amari,Freeman,Corpus Christi,123-456-1151,ABCD1384K,09-08-2020
154, Calvin,Webb,Lexington,123-456-1152,ABCD1385K,26-02-1993
155, Ivan,Tucker,Henderson,123-456-1153,ABCD1386K,03-02-1997
156, Chase,Guzman,Stockton,123-456-1154,ABCD1387K,04-10-2022
157, Cole,Burns,Cincinnati,123-456-1155,ABCD1388K,19-08-1992
158, Ashton,Crawford,St. Louis,123-456-1156,ABCD1389K,13-11-2011
159, Ace,Olson,Pittsburgh,123-456-1157,ABCD1390K,23-12-2011
160, Arlo,Simpson,Greensboro,123-456-1158,ABCD1391K,17-11-2012
161, Dean,Porter,Newark,123-456-1159,ABCD1392K,04-02-2004
162, Brayden,Hunter,Plano,123-456-1160,ABCD1393K,07-06-1995
163, Jude,Gordon,Lincoln,123-456-1161,ABCD1394K,16-01-2004
164, Hayden,Mendez,Orlando,123-456-1162,ABCD1395K,06-12-2013
165, Max,Silva,Chula Vista,123-456-1163,ABCD1396K,04-09-2019
166, Matias,Shaw,Irvine,123-456-1164,ABCD1397K,03-02-1991
167, Rhett,Snyder,Reno,123-456-1165,ABCD1398K,19-09-2003
168, Jayce,Mason,Laredo,123-456-1166,ABCD1399K,14-11-2000
169, Elliott,Dixon,Durham,123-456-1167,ABCD1400K,06-09-1997
170, Alan,Munoz,Buffalo,123-456-1168,ABCD1401K,23-02-2005
171, Braxton,Hunt,Chandler,123-456-1169,ABCD1402K,25-01-1992
172, Kaiden,Hicks,St. Paul,123-456-1170,ABCD1403K,06-06-1993
173, Zachary,Holmes,Joplin,123-456-1171,ABCD1404K,12-12-1992
174, Jesus,Palmer,Fort Wayne,123-456-1172,ABCD1405K,17-10-2009
175, Emmanuel,Wagner,Montgomery,123-456-1173,ABCD1406K,03-02-2000
176, Adonis,Black,Grand Rapids,123-456-1174,ABCD1407K,01-05-2019
177, Charlie,Robertson,Salt Lake City,123-456-1175,ABCD1408K,28-05-2010
178, Judah,Boyd,Amarillo,123-456-1176,ABCD1409K,17-01-2011
179, Tyler,Rose,Little Rock,123-456-1177,ABCD1410K,13-04-1996
180, Elliot,Stone,Shreveport,123-456-1178,ABCD1411K,20-12-2006
181, Antonio,Salazar,Des Moines,123-456-1179,ABCD1412K,16-10-2018
182, Emilio,Fox,Mobile,123-456-1180,ABCD1413K,10-04-2019
183, Camden,Warren,Knoxville,123-456-1181,ABCD1414K,13-12-2014
184, Stetson,Mills,Montgomery,123-456-1182,ABCD1415K,23-06-2019
185, Maxwell,Meyer,Overland Park,123-456-1183,ABCD1416K,11-01-2012
186, Ryker,Rice,Cape Coral,123-456-1184,ABCD1417K,04-09-2007
187, Justin,Schmidt,Springfield,123-456-1185,ABCD1418K,26-05-2016
188, Kevin,Garza,Lancaster,123-456-1186,ABCD1419K,18-02-1999
189, Messiah,Daniels,Winston-Salem,123-456-1187,ABCD1420K,05-02-1999
190, Finn,Ferguson,Evansville,123-456-1188,ABCD1421K,15-02-1994
191, Bentley,Nichols,Charleston,123-456-1189,ABCD1422K,22-08-2002
192, Ayden,Stephens,Salem,123-456-1190,ABCD1423K,20-08-1992
193, Zayden,Soto,Huntington,123-456-1191,ABCD1424K,22-09-2022
194, Felix,Weaver,Meridian,123-456-1192,ABCD1425K,28-08-1998
195, Nicolas,Ryan,Macon,123-456-1193,ABCD1426K,06-04-2007
196, Miguel,Gardner,Killeen,123-456-1194,ABCD1427K,04-04-2008
197, Maddox,Payne,Billings,123-456-1195,ABCD1428K,23-06-2015
198, Beckett,Grant,Tyler,123-456-1196,ABCD1429K,21-11-2009
199, Tate,Dunn,Long Beach,123-456-1197,ABCD1430K,02-01-2013
200, Caden,Kelley,Boulder,123-456-1198,ABCD1431K,27-12-2011
201, Beckham,Spencer,Lafayette,123-456-1199,ABCD1432K,23-06-2009
202, Andres,Hawkins,Elyria,123-456-1200,ABCD1433K,24-10-2014
203, Alejandro,Arnold,New Yorkk,123-456-1201,ABCD1434K,11-10-1993
204, Alex,Pierce,Los Angeles,123-456-1202,ABCD1435K,12-11-1998
205, Jesse,Vazquez,Chicago,123-456-1203,ABCD1436K,04-04-2004
206, Brody,Hansen,Houston,123-456-1204,ABCD1437K,14-03-1992
207, Tucker,Peters,Phoenix,123-456-1205,ABCD1438K,13-11-1995
208, Jett,Santos,Philadelphia,123-456-1206,ABCD1439K,09-07-1995
209, Barrett,Hart,San Antonio,123-456-1207,ABCD1440K,24-12-2018
210, Knox,Bradley,San Diego,123-456-1208,ABCD1441K,13-08-2006
211, Hayes,Knight,Dallas,123-456-1209,ABCD1442K,03-04-2018
212, Peter,Elliott,San Jose,123-456-1210,ABCD1443K,28-02-1992
213, Timothy,Cunningham,Austin,123-456-1211,ABCD1444K,19-07-2018
214, Joel,Duncan,Jacksonville,123-456-1212,ABCD1445K,27-03-2004
215, Edward,Armstrong,San Francisco,123-456-1213,ABCD1446K,07-11-2015
216, Griffin,Hudson,Columbus,123-456-1214,ABCD1447K,26-05-2013
217, Xander,Carroll,Indianapolis,123-456-1215,ABCD1448K,25-01-1996
218, Oscar,Lane,Fort Worth,123-456-1216,ABCD1449K,10-02-2021
219, Victor,Riley,Charlotte,123-456-1217,ABCD1450K,01-12-2005
220, Abraham,Andrews,Seattle,123-456-1218,ABCD1451K,18-08-1994
221, Brandon,Alvarado,Denver,123-456-1219,ABCD1452K,08-09-1991
222, Abel,Ray,El Paso,123-456-1220,ABCD1453K,06-06-2007
223, Richard,Delgado,Detroit,123-456-1221,ABCD1454K,20-08-2000
224, Callum,Berry,Boston,123-456-1222,ABCD1455K,11-05-1993
225, Riley,Perkins,Memphis,123-456-1223,ABCD1456K,07-09-2007
226, Patrick,Hoffman,Nashville,123-456-1224,ABCD1457K,11-12-2023
227, Karter,Johnston,Baltimore,123-456-1225,ABCD1458K,07-03-1992
228, Malakai,Matthews,Milwaukee,123-456-1226,ABCD1459K,23-01-2010
229, Eric,Pena,Albuquerque,123-456-1227,ABCD1460K,3.3.02
230, Grant,Richards,Tucson,123-456-1228,ABCD1461K,20.9.22
231, Israel,Contreras,Fresno,123-456-1229,ABCD1462K,1.4.13
232, Milan,Willis,Sacramento,123-456-1230,ABCD1463K,26.2.06
233, Gavin,Carpenter,Kansas City,123-456-1231,ABCD1464K,5.5.18
234, Rafael,Lawrence,Mesa,123-456-1232,ABCD1465K,2.9.99
235, Tatum,Sandoval,Virginia Beach,123-456-1233,ABCD1466K,6.4.95
236, Kairo,Guerrero,Atlanta,123-456-1234,ABCD1467K,24.4.21
237, Elian,George,Colorado Springs,123-456-1235,ABCD1468K,21.8.18
238, Kyrie,Chapman,Omaha,123-456-1236,ABCD1469K,14.2.17
239, Louis,Rios,Raleigh,123-456-1237,ABCD1470K,25.7.13
240, Lukas,Estrada,Miami,123-456-1238,ABCD1471K,9.10.92
241, Javier,Ortega,Cleveland,123-456-1239,ABCD1472K,22.2.10
242, Nico,Watkins,Tulsa,123-456-1240,ABCD1473K,8.3.91
243, Avery,Greene,Oakland,123-456-1241,ABCD1474K,12.7.06
244, Rory,Nunez,Minneapolis,123-456-1242,ABCD1475K,17.1.16
245, Aziel,Wheeler,Wichita,123-456-1243,ABCD1476K,7.7.17
246, Ismael,Valdez,Arlington,123-456-1244,ABCD1477K,22.10.11
247, Jeremy,Harper,Bakersfield,123-456-1245,ABCD1478K,24.6.11
248, Zayn,Burke,Tampa,123-456-1246,ABCD1479K,28-10-2015
249, Cohen,Larson,Aurora,123-456-1247,ABCD1480K,16-03-2022
250, Simon,Santiago,Anaheim,123-456-1248,ABCD1481K,16-12-2018
251, Marcus,Maldonado,Honolulu,123-456-1249,ABCD1482K,06-12-2018
252, Steven,Morrison,Aurora,123-456-1250,ABCD1483K,07-05-2011
253, Mark,Franklin,Corpus Christi,123-456-1251,ABCD1484K,12-08-1992
254, Dallas,Carlson,Lexington,123-456-1252,ABCD1485K,01-09-2021
255, Tristan,Austin,Henderson,123-456-1253,ABCD1486K,24-07-1994
256, Lane,Dominguez,Stockton,123-456-1254,ABCD1487K,20-11-2004
257, Blake,Carr,Cincinnati,123-456-1255,ABCD1488K,03-07-2012
258, Paul,Lawson,St. Louis,123-456-1256,ABCD1489K,10-03-2020
259, Paxton,Jacobs,Pittsburgh,123-456-1257,ABCD1490K,07-07-2017
260, Bryce,Obrien,Greensboro,123-456-1258,ABCD1491K,14-11-2018
261, Nash,Lynch,Newark,123-456-1259,ABCD1492K,09-06-1996
262, Crew,Singh,Plano,123-456-1260,ABCD1493K,13-04-1992
263, Kash,Vega,Lincoln,123-456-1261,ABCD1494K,02-03-2022
264, Kenneth,Bishop,Orlando,123-456-1262,ABCD1495K,06-12-2014
265, Omar,Montgomery,Chula Vista,123-456-1263,ABCD1496K,07-03-1992
266, Colt,Oliver,Irvine,123-456-1264,ABCD1497K,20-03-2014
267, Lennox,Jensen,Reno,123-456-1265,ABCD1498K,03-01-2010
268, King,Harvey,Laredo,123-456-1266,ABCD1499K,11-05-1990
269, Walter,Williamson,Durham,123-456-1267,ABCD1500K,13-11-2007
270, Emerson,Gilbert,Buffalo,123-456-1268,ABCD1501K,05-01-1995
271, Phoenix,Dean,Chandler,123-456-1269,ABCD1502K,06-06-2009
272, Jaylen,Sims,St. Paul,123-456-1270,ABCD1503K,17-11-1992
273, Derek,Espinoza,Joplin,123-456-1271,ABCD1504K,06-08-2006
274, Muhammad,Howell,Fort Wayne,123-456-1272,ABCD1505K,17-03-2022
275, Ellis,Li,Montgomery,123-456-1273,ABCD1506K,18-12-2007
276, Kaleb,Wong,Grand Rapids,123-456-1274,ABCD1507K,27-05-1993
277, Preston,Reid,Salt Lake City,123-456-1275,ABCD1508K,18-02-2020
278, Jorge,Hanson,Amarillo,123-456-1276,ABCD1509K,28-12-2015
279, Zane,Le,Little Rock,123-456-1277,ABCD1510K,22-03-2023
280, Kayson,Mccoy,Shreveport,123-456-1278,ABCD1511K,04-06-2006
281, Cade,Garrett,Des Moines,123-456-1279,ABCD1512K,25-04-1995
282, Tobias,Burton,Mobile,123-456-1280,ABCD1513K,16-11-2017
283, Otto,Fuller,Knoxville,123-456-1281,ABCD1514K,08-09-2023
284, Kaden,Wang,Montgomery,123-456-1282,ABCD1515K,22-09-2005
285, Remington,Weber,Overland Park,123-456-1283,ABCD1516K,15-12-1990
286, Atticus,Welch,Cape Coral,123-456-1284,ABCD1517K,24-12-2000
287, Finley,Rojas,Springfield,123-456-1285,ABCD1518K,22-04-2011
288, Holden,Lucas,Lancaster,123-456-1286,ABCD1519K,21-12-2013
289, Jax,Marquez,Winston-Salem,123-456-1287,ABCD1520K,01-09-1993
290, Cash,Fields,Evansville,123-456-1288,ABCD1521K,27-12-2019
291, Martin,Park,Charleston,123-456-1289,ABCD1522K,16-05-1999
292, Ronan,Yang,Salem,123-456-1290,ABCD1523K,15-12-2023
293, Maximiliano,Little,Huntington,123-456-1291,ABCD1524K,02-10-2007
294, Malcolm,Banks,Meridian,123-456-1292,ABCD1525K,14-03-1996
295, Romeo,Padilla,Macon,123-456-1293,ABCD1526K,21-02-2012
296, Josue,Day,Killeen,123-456-1294,ABCD1527K,09-11-1990
297, Francisco,Walsh,Billings,123-456-1295,ABCD1528K,05-09-2009
298, Bodhi,Bowman,Tyler,123-456-1296,ABCD1529K,01-03-2009
299, Cyrus,Schultz,Long Beach,123-456-1297,ABCD1530K,25-07-1999
300, Koa,Luna,Boulder,123-456-1298,ABCD1531K,15-04-2021
301, Angelo,Fowler,Lafayette,123-456-1299,ABCD1532K,03-04-2001
302, Aidan,Mejia,Elyria,123-456-1300,ABCD1533K,05-05-2005
303, Jensen,Davidson,New York,123-456-1301,ABCD1534K,09-10-2022
304, Erick,Acosta,Los Angeles,123-456-1302,ABCD1535K,28-07-2016
305, Hendrix,Brewer,Chicago,123-456-1303,ABCD1536K,14-08-1990
306, Warren,May,Houston,123-456-1304,ABCD1537K,03-07-1993
307, Bryan,Holland,Phoenix,123-456-1305,ABCD1538K,03-03-2001
308, Cody,Juarez,Philadelphia,123-456-1306,ABCD1539K,19-08-2011
309, Leonel,Newman,San Antonio,123-456-1307,ABCD1540K,04-02-1994
310, Onyx,Pearson,San Diego,123-456-1308,ABCD1541K,04-09-1990
311, Ali,Curtis,Dallas,123-456-1309,ABCD1542K,18-06-2004
312, Andre,Cortez,San Jose,123-456-1310,ABCD1543K,21-02-1995
313, Jaziel,Douglas,Austin,123-456-1311,ABCD1544K,22-03-2011
314, Clayton,Schneider,Jacksonville,123-456-1312,ABCD1545K,14-06-2013
315, Saint,Joseph,San Francisco,123-456-1313,ABCD1546K,04-03-2005
316, Dante,Barrett,Columbus,123-456-1314,ABCD1547K,17-01-2007
317, Reid,Navarro,Indianapolis,123-456-1315,ABCD1548K,17-09-2016
318, Casey,Figueroa,Fort Worth,123-456-1316,ABCD1549K,04-04-1997
319, Brian,Keller,Charlotte,123-456-1317,ABCD1550K,18-06-2004
320, Gideon,Avila,Seattle,123-456-1318,ABCD1551K,15-02-2004
321, Niko,Wade,Denver,123-456-1319,ABCD1552K,20-11-1991
322, Maximus,Molina,El Paso,123-456-1320,ABCD1553K,21-02-2013
323, Colter,Stanley,Detroit,123-456-1321,ABCD1554K,16-10-2019
324, Kyler,Hopkins,Boston,123-456-1322,ABCD1555K,28-12-2020
325, Brady,Campos,Memphis,123-456-1323,ABCD1556K,25-02-2017
326, Zyaire,Barnett,Nashville,123-456-1324,ABCD1557K,09-03-2006
327, Cristian,Bates,Baltimore,123-456-1325,ABCD1558K,10-12-2000
328, Cayden,Chambers,Milwaukee,123-456-1326,ABCD1559K,09-12-2023
329, Harvey,Caldwell,Albuquerque,123-456-1327,ABCD1560K,09-11-2014
330, Cruz,Beck,Tucson,123-456-1328,ABCD1561K,07-07-2002
331, Dakota,Lambert,Fresno,123-456-1329,ABCD1562K,01-02-1994
332, Damien,Miranda,Sacramento,123-456-1330,ABCD1563K,22-05-1992
333, Manuel,Byrd,Kansas City,123-456-1331,ABCD1564K,10-09-2010
334, Anderson,Craig,Mesa,123-456-1332,ABCD1565K,17-11-2020
335, Cairo,Ayala,Virginia Beach,123-456-1333,ABCD1566K,26-11-1991
336, Colin,Lowe,Atlanta,123-456-1334,ABCD1567K,17-04-2014
337, Joaquin,Frazier,Colorado Springs,123-456-1335,ABCD1568K,10-11-1990
338, Ezequiel,Powers,Omaha,123-456-1336,ABCD1569K,04-02-2009
339, Karson,Neal,Raleigh,123-456-1337,ABCD1570K,16-07-2009
340, Callan,Leonard,Miami,123-456-1338,ABCD1571K,05-08-2006
341, Briggs,Gregory,Cleveland,123-456-1339,ABCD1572K,07-07-2013
342, Khalil,Carrillo,Tulsa,123-456-1340,ABCD1573K,04-08-2000
343, Wade,Sutton,Oakland,123-456-1341,ABCD1574K,10-05-2005
344, Jared,Fleming,Minneapolis,123-456-1342,ABCD1575K,04-01-2003
345, Fernando,Rhodes,Wichita,123-456-1343,ABCD1576K,15-08-1992
346, Ari,Shelton,Arlington,123-456-1344,ABCD1577K,12-12-2022
347, Colson,Schwartz,Bakersfield,123-456-1345,ABCD1578K,10-12-2001
348, Kylian,Norris,Tampa,123-456-1346,ABCD1579K,25-08-2007
349, Archie,Jennings,Aurora,123-456-1347,ABCD1580K,01-06-2009
350, Banks,Watts,Anaheim,123-456-1348,ABCD1581K,27-02-2016
351, Bowen,Duran,Honolulu,123-456-1349,ABCD1582K,24-09-1991
352, Kade,Walters,Aurora,123-456-1350,ABCD1583K,22-04-1993
353, Daxton,Cohen,Corpus Christi,123-456-1351,ABCD1584K,16-07-2002
354, Jaden,Mcdaniel,Lexington,123-456-1352,ABCD1585K,18-04-1993
355, Rhys,Moran,Henderson,123-456-1353,ABCD1586K,23-09-1997
356, Sonny,Parks,Stockton,123-456-1354,ABCD1587K,11-05-1999
357, Zander,Steele,Cincinnati,123-456-1355,ABCD1588K,12-09-2018
358, Eduardo,Vaughn,St. Louis,123-456-1356,ABCD1589K,17-04-1996
359, Iker,Becker,Pittsburgh,123-456-1357,ABCD1590K,21-08-2010
360, Sullivan,Holt,Greensboro,123-456-1358,ABCD1591K,11-06-2011
361, Bradley,Deleon,Newark,123-456-1359,ABCD1592K,18-05-2003
362, Raymond,Barker,Plano,123-456-1360,ABCD1593K,26-10-1993
363, Odin,Terry,Lincoln,123-456-1361,ABCD1594K,02-09-2012
364, Spencer,Hale,Orlando,123-456-1362,ABCD1595K,20-03-2017
365, Stephen,Leon,Chula Vista,123-456-1363,ABCD1596K,24-06-2012
366, Prince,Hail,Irvine,123-456-1364,ABCD1597K,25-02-2015
367, Brantley,Benson,Reno,123-456-1365,ABCD1598K,19-07-2014
368, Killian,Haynes,Laredo,123-456-1366,ABCD1599K,05-11-2009
369, Kamari,Horton,Durham,123-456-1367,ABCD1600K,07-11-1993
370, Cesar,Miles,Buffalo,123-456-1368,ABCD1601K,08-11-1991
371, Dariel,Lyons,Chandler,123-456-1369,ABCD1602K,02-08-2007
372, Eithan,Pham,St. Paul,123-456-1370,ABCD1603K,11-01-2002
373, Mathias,Graves,Joplin,123-456-1371,ABCD1604K,06-01-1998
374, Ricardo,Bush,Fort Wayne,123-456-1372,ABCD1605K,22-05-2014
375, Orion,Thornton,Montgomery,123-456-1373,ABCD1606K,26-05-1997
376, Titus,Wolfe,Grand Rapids,123-456-1374,ABCD1607K,01-12-2018
377, Luciano,Warner,Salt Lake City,123-456-1375,ABCD1608K,09-03-2005
378, Rylan,Cabrera,Amarillo,123-456-1376,ABCD1609K,06-05-1999
379, Pablo,Mckinney,Little Rock,123-456-1377,ABCD1610K,15-01-1991
380, Chance,Mann,Shreveport,123-456-1378,ABCD1611K,19-01-1991
381, Travis,Zimmerman,Des Moines,123-456-1379,ABCD1612K,12-03-2022
382, Kohen,Dawson,Mobile,123-456-1380,ABCD1613K,24-01-2017
383, Marco,Lara,Knoxville,123-456-1381,ABCD1614K,22-09-1996
384, Jay,Fletcher,Montgomery,123-456-1382,ABCD1615K,15-04-2011
385, Malik,Page,Overland Park,123-456-1383,ABCD1616K,17-10-2012
386, Hector,Mccarthy,Cape Coral,123-456-1384,ABCD1617K,09-09-2012
387, Edwin,Love,Springfield,123-456-1385,ABCD1618K,18-02-2017
388, Armani,Robles,Lancaster,123-456-1386,ABCD1619K,11-03-2007
389, Bodie,Cervantes,Winston-Salem,123-456-1387,ABCD1620K,08-06-2005
390, Shiloh,Solis,Evansville,123-456-1388,ABCD1621K,18-07-2006
391, Marshall,Erickson,Charleston,123-456-1389,ABCD1622K,19-03-2022
392, Remy,Reeves,Salem,123-456-1390,ABCD1623K,06-08-2003
393, Russell,Chang,Huntington,123-456-1391,ABCD1624K,22-08-1995
394, Baylor,Klein,Meridian,123-456-1392,ABCD1625K,09-02-2023
395, Kameron,Salinas,Macon,123-456-1393,ABCD1626K,14-08-2021
396, Tyson,Fuentes,Killeen,123-456-1394,ABCD1627K,18-04-2010
397, Grady,Baldwin,Billings,123-456-1395,ABCD1628K,25-03-2016
398, Oakley,Daniel,Tyler,123-456-1396,ABCD1629K,04-11-2008
399, Baker,Simon,Long Beach,123-456-1397,ABCD1630K,21-05-1994
400, Winston,Velasquez,Boulder,123-456-1398,ABCD1631K,01-12-2019
401, Kane,Hardy,Lafayette,123-456-1399,ABCD1632K,12-03-2014
402, Julius,Higgins,Elyria,123-456-1400,ABCD1633K,17-07-2022
403, Desmond,Aguirre,New York,123-456-1401,ABCD1634K,12-12-1991
404, Royal,Lin,Los Angeles,123-456-1402,ABCD1635K,22-10-2011
405, Sterling,Cummings,Chicago,123-456-1403,ABCD1636K,01-04-2006
406, Mario,Chandler,Houston,123-456-1404,ABCD1637K,22-08-2006
407, Kylo,Sharp,Phoenix,123-456-1405,ABCD1638K,13-02-1992
408, Sergio,Barber,Philadelphia,123-456-1406,ABCD1639K,22-05-2016
409, Jake,Bowen,San Antonio,123-456-1407,ABCD1640K,21-02-2004
410, Kashton,Ochoa,San Diego,123-456-1408,ABCD1641K,27-02-2001
411, Shepherd,Dennis,Dallas,123-456-1409,ABCD1642K,22-01-2000
412, Franklin,Robbins,San Jose,123-456-1410,ABCD1643K,08-02-1994
413, Ibrahim,Liu,Austin,123-456-1411,ABCD1644K,08-06-1997
414, Ares,Ramsey,Jacksonville,123-456-1412,ABCD1645K,22-03-2011
415, Koda,Francis,San Francisco,123-456-1413,ABCD1646K,24-02-1994
416, Lawson,Griffith,Columbus,123-456-1414,ABCD1647K,14-12-2011
417, Hugo,Paul,Indianapolis,123-456-1415,ABCD1648K,28-02-2003
418, Kyle,Blair,Fort Worth,123-456-1416,ABCD1649K,10-02-1991
419, Kyson,Oconnor,Charlotte,123-456-1417,ABCD1650K,01-12-2016
420, Kobe,Cardenas,Seattle,123-456-1418,ABCD1651K,05-06-1997
421, Pedro,Pacheco,Denver,123-456-1419,ABCD1652K,20-12-2022
422, Santino,Cross,El Paso,123-456-1420,ABCD1653K,10-09-2019
423, Wilder,Calderon,Detroit,123-456-1421,ABCD1654K,24-12-2017
424, Sage,Quinn,Boston,123-456-1422,ABCD1655K,06-11-2011
425, Raiden,Moss,Memphis,123-456-1423,ABCD1656K,26-03-2004
426, Damon,Swanson,Nashville,123-456-1424,ABCD1657K,15-03-2021
427, Nasir,Chan,Baltimore,123-456-1425,ABCD1658K,22-02-1997
428, Sean,Rivas,Milwaukee,123-456-1426,ABCD1659K,19-11-1994
429, Forrest,Khan,Albuquerque,123-456-1427,ABCD1660K,09-07-2013
430, Kian,Rodgers,Tucson,123-456-1428,ABCD1661K,14-11-2000
431, Reed,Serrano,Fresno,123-456-1429,ABCD1662K,01-08-1994
432, Tanner,Fitzgerald,Sacramento,123-456-1430,ABCD1663K,12-01-2016
433, Jalen,Rosales,Kansas City,123-456-1431,ABCD1664K,28-07-2015
434, Apollo,Stevenson,Mesa,123-456-1432,ABCD1665K,22-08-2019
435, Zayne,Christensen,Virginia Beach,123-456-1433,ABCD1666K,02-07-2016
436, Nehemiah,Manning,Atlanta,123-456-1434,ABCD1667K,17-07-2023
437, Edgar,Gill,Colorado Springs,123-456-1435,ABCD1668K,26-06-1995
438, Johnny,Curry,Omaha,123-456-1436,ABCD1669K,26-04-2000
439, Clark,Mclaughlin,Raleigh,123-456-1437,ABCD1670K,19-02-2015
440, Eden,Harmon,Miami,123-456-1438,ABCD1671K,09-09-2009
441, Gunner,Mcgee,Cleveland,123-456-1439,ABCD1672K,06-02-2023
442, Isaias,Gross,Tulsa,123-456-1440,ABCD1673K,10-08-1993
443, Esteban,Doyle,Oakland,123-456-1441,ABCD1674K,03-04-2019
444, Hank,Garner,Minneapolis,123-456-1442,ABCD1675K,18-05-1991
445, Alijah,Newton,Wichita,123-456-1443,ABCD1676K,09-07-2011
446, Solomon,Burgess,Arlington,123-456-1444,ABCD1677K,28-08-2018
447, Wells,Reese,Bakersfield,123-456-1445,ABCD1678K,10-09-2001
448, Sutton,Walton,Tampa,123-456-1446,ABCD1679K,09-02-1996
449, Royce,Blake,Aurora,123-456-1447,ABCD1680K,16-02-2008
450, Callen,Trujillo,Anaheim,123-456-1448,ABCD1681K,06-07-2022
451, Reece,Adkins,Honolulu,123-456-1449,ABCD1682K,27-04-1990
452, Gianni,Brady,Aurora,123-456-1450,ABCD1683K,04-05-2020
453, Noel,Goodman,Corpus Christi,123-456-1451,ABCD1684K,28-04-1995
454, Quinn,Roman,Lexington,123-456-1452,ABCD1685K,11-01-2011
455, Raphael,Webster,Henderson,123-456-1453,ABCD1686K,04-12-2018
456, Corbin,Goodwin,Stockton,123-456-1454,ABCD1687K,13-07-2020
457, Erik,Fischer,Cincinnati,123-456-1455,ABCD1688K,19-12-1994
458, Tripp,Huang,St. Louis,123-456-1456,ABCD1689K,15-08-2023
459, Atreus,Potter,Pittsburgh,123-456-1457,ABCD1690K,06-03-2005
460, Francis,Delacruz,Greensboro,123-456-1458,ABCD1691K,22-10-2023
461, Kayce,Montoya,Newark,123-456-1459,ABCD1692K,21-07-2006
462, Callahan,Todd,Plano,123-456-1460,ABCD1693K,02-04-2006
463, Devin,Wu,Lincoln,123-456-1461,ABCD1694K,05-11-2020
464, Troy,Hines,Orlando,123-456-1462,ABCD1695K,28-04-2005
465, Sylas,Mullins,Chula Vista,123-456-1463,ABCD1696K,15-02-2012
466, Fabian,Castaneda,Irvine,123-456-1464,ABCD1697K,19-11-2008
467, Zaire,Malone,Reno,123-456-1465,ABCD1698K,27-10-2002
468, Donovan,Cannon,Laredo,123-456-1466,ABCD1699K,13-01-1999
469, Johnathan,Tate,Durham,123-456-1467,ABCD1700K,06-09-2013
470, Frank,Mack,Buffalo,123-456-1468,ABCD1701K,19-07-2005
471, Lewis,Sherman,Chandler,123-456-1469,ABCD1702K,10-01-1994
472, Moshe,Hubbard,St. Paul,123-456-1470,ABCD1703K,09-09-1991
473, Adan,Hodges,Joplin,123-456-1471,ABCD1704K,15-08-1996
474, Alexis,Zhang,Fort Wayne,123-456-1472,ABCD1705K,15-10-2019
475, Tadeo,Guerra,Montgomery,123-456-1473,ABCD1706K,08-09-2006
476, Ronin,Wolf,Grand Rapids,123-456-1474,ABCD1707K,14-04-2020
477, Marcos,Valencia,Salt Lake City,123-456-1475,ABCD1708K,28-04-1996
478, Kieran,Franco,Amarillo,123-456-1476,ABCD1709K,01-10-2009
479, Leonidas,Saunders,Little Rock,123-456-1477,ABCD1710K,04-09-2001
480, Bo,Rowe,Shreveport,123-456-1478,ABCD1711K,08-12-1999
481, Kendrick,Gallagher,Des Moines,123-456-1479,ABCD1712K,21-02-1997
482, Ruben,Farmer,Mobile,123-456-1480,ABCD1713K,02-10-2010
483, Camilo,Hammond,Knoxville,123-456-1481,ABCD1714K,26-05-2007
484, Garrett,Hampton,Montgomery,123-456-1482,ABCD1715K,09-10-1997
485, Matthias,Townsend,Overland Park,123-456-1483,ABCD1716K,11-12-2002
486, Emanuel,Ingram,Cape Coral,123-456-1484,ABCD1717K,28-12-2001
487, Jeffrey,Wise,Springfield,123-456-1485,ABCD1718K,21-06-2008
488, Collin,Gallegos,Lancaster,123-456-1486,ABCD1719K,26-07-2017
489, Lucian,Clarke,Winston-Salem,123-456-1487,ABCD1720K,17-08-2022
490, Augustus,Barton,Evansville,123-456-1488,ABCD1721K,11-11-2005
491, Memphis,Schroeder,Charleston,123-456-1489,ABCD1722K,04-10-1997
492, Rowen,Maxwell,Salem,123-456-1490,ABCD1723K,18-12-2023
493, Yusuf,Waters,Huntington,123-456-1491,ABCD1724K,10-07-2022
494, Finnegan,Logan,Meridian,123-456-1492,ABCD1725K,21-01-2015
495, Makai,Camacho,Macon,123-456-1493,ABCD1726K,07-05-2012
496, Lionel,Strickland,Killeen,123-456-1494,ABCD1727K,28-06-2017
497, Caiden,Norman,Billings,123-456-1495,ABCD1728K,18-06-2010
498, Rodrigo,Person,Tyler,123-456-1496,ABCD1729K,18-10-1995
499, Uriel,Colon,Long Beach,123-456-1497,ABCD1730K,16-10-2003
500, Lucca,Parsons,Boulder,123-456-1498,ABCD1731K,04-09-1993
501, Philip,Frank,Lafayette,123-456-1499,ABCD1732K,21-09-1997
502, Andy,Harrington,Elyria,123-456-1500,ABCD1733K,02-04-1990
503, Kaison,Glover,New York,123-456-1501,ABCD1734K,24-04-2003
504, Jaiden,Osborne,Los Angeles,123-456-1502,ABCD1735K,13-11-2003
505, Porter,Buchanan,Chicago,123-456-1503,ABCD1736K,27-03-2009
506, Jasiah,Casey,Houston,123-456-1504,ABCD1737K,11-08-1994
507, Ridge,Floyd,Phoenix,123-456-1505,ABCD1738K,25-09-1992
508, Frederick,Patton,Philadelphia,123-456-1506,ABCD1739K,06-02-2020
509, Amiri,Ibarra,San Antonio,123-456-1507,ABCD1740K,04-09-2007
510, Rocco,Ball,San Diego,123-456-1508,ABCD1741K,01-01-2008
511, Asa,Tyler,Dallas,123-456-1509,ABCD1742K,25-07-2007
512, Ayaan,Suarez,San Jose,123-456-1510,ABCD1743K,12-05-2003
513, Kason,Bowers,Austin,123-456-1511,ABCD1744K,11-08-1993
514, Denver,Orozco,Jacksonville,123-456-1512,ABCD1745K,14-07-2018
515, Dalton,Salas,San Francisco,123-456-1513,ABCD1746K,24-04-1991
516, Major,Cobb,Columbus,123-456-1514,ABCD1747K,04-12-1992
517, Valentino,Gibbs,Indianapolis,123-456-1515,ABCD1748K,02-05-2004
518, Allen,Andrade,Fort Worth,123-456-1516,ABCD1749K,24-07-2015
519, Kolton,Bauer,Charlotte,123-456-1517,ABCD1750K,22-11-1996
520, Zaiden,Conner,Seattle,123-456-1518,ABCD1751K,01-04-2020
521, Ariel,Moody,Denver,123-456-1519,ABCD1752K,15-12-2006
522, Rome,Escobar,El Paso,123-456-1520,ABCD1753K,26-02-2003
523, Ford,Mcguire,Detroit,123-456-1521,ABCD1754K,27-01-1993
524, Leland,Lloyd,Boston,123-456-1522,ABCD1755K,25-01-2023
525, Marcelo,Mueller,Memphis,123-456-1523,ABCD1756K,20-01-1994
526, Seth,Hartman,Nashville,123-456-1524,ABCD1757K,09-03-2001
527, Jamir,French,Baltimore,123-456-1525,ABCD1758K,18-05-2005
528, Leandro,Kramer,Milwaukee,123-456-1526,ABCD1759K,24-07-2003
529, Miller,Mcbride,Albuquerque,123-456-1527,ABCD1760K,04-12-2016
530, Roberto,Pope,Tucson,123-456-1528,ABCD1761K,17-05-1996
531, Alessandro,Lindsey,Fresno,123-456-1529,ABCD1762K,07-02-2004
532, Gregory,Velazquez,Sacramento,123-456-1530,ABCD1763K,07-11-1998
533, Hezekiah,Norton,Kansas City,123-456-1531,ABCD1764K,22-03-2017
534, Jonas,Mccormick,Mesa,123-456-1532,ABCD1765K,13-06-2007
535, Cassian,Sparks,Virginia Beach,123-456-1533,ABCD1766K,08-01-2018
536, Deacon,Flynn,Atlanta,123-456-1534,ABCD1767K,23-12-1995
537, Jaxton,Yates,Colorado Springs,123-456-1535,ABCD1768K,17-06-2009
538, Keanu,Hogan,Omaha,123-456-1536,ABCD1769K,26-01-2016
539, Alonzo,Marsh,Raleigh,123-456-1537,ABCD1770K,24-11-2011
540, Moises,Macias,Miami,123-456-1538,ABCD1771K,08-06-2017
541, Conrad,Villanueva,Cleveland,123-456-1539,ABCD1772K,25-11-2023
542, Drew,Zamora,Tulsa,123-456-1540,ABCD1773K,10-11-2009
543, Bruce,Pratt,Oakland,123-456-1541,ABCD1774K,08-10-2002
544, Mohamed,Stokes,Minneapolis,123-456-1542,ABCD1775K,27-11-2020
545, Anakin,Owen,Wichita,123-456-1543,ABCD1776K,26-02-2000
546, Soren,Ballard,Arlington,123-456-1544,ABCD1777K,11-04-2008
547, Mack,Lang,Bakersfield,123-456-1545,ABCD1778K,20-11-2002
548, Pierce,Brock,Tampa,123-456-1546,ABCD1779K,02-10-2002
549, Kylan,Villarreal,Aurora,123-456-1547,ABCD1780K,05-07-1997
550, Princeton,Charles,Anaheim,123-456-1548,ABCD1781K,02-11-1996
551, Zain,Drake,Honolulu,123-456-1549,ABCD1782K,20-05-2008
552, Trevor,Barrera,Aurora,123-456-1550,ABCD1783K,13-05-1994
553, Morgan,Cain,Corpus Christi,123-456-1551,ABCD1784K,03-10-1990
554, Ozzy,Patrick,Lexington,123-456-1552,ABCD1785K,28-12-2014
555, Roy,Pineda,Henderson,123-456-1553,ABCD1786K,01-08-2008
556, Dominick,Burnett,Stockton,123-456-1554,ABCD1787K,21-06-2011
557, Shane,Mercado,Cincinnati,123-456-1555,ABCD1788K,26-03-2009
558, Hamza,Santana,St. Louis,123-456-1556,ABCD1789K,25-03-1992
559, Moses,Shepherd,Pittsburgh,123-456-1557,ABCD1790K,15-05-2001
560, Dax,Bautista,Greensboro,123-456-1558,ABCD1791K,21-05-1998
561, Lawrence,Ali,Newark,123-456-1559,ABCD1792K,12-04-2016
562, Ander,Shaffer,Plano,123-456-1560,ABCD1793K,17-06-2008
563, Ledger,Lamb,Lincoln,123-456-1561,ABCD1794K,08-09-1995
564, Enrique,Trevino,Orlando,123-456-1562,ABCD1795K,08-05-2002
565, Rayan,Mckenzie,Chula Vista,123-456-1563,ABCD1796K,12-04-2021
566, Johan,Hess,Irvine,123-456-1564,ABCD1797K,11-04-1997
567, Saul,Beil,Reno,123-456-1565,ABCD1798K,13-10-2019
568, Jamari,Olsen,Laredo,123-456-1566,ABCD1799K,07-08-2021
569, Armando,Cochran,Durham,123-456-1567,ABCD1800K,25-02-2021
570, Kaysen,Morton,Buffalo,123-456-1568,ABCD1801K,18-07-1993
571, Samson,Nash,Chandler,123-456-1569,ABCD1802K,09-04-2008
572, Azariah,Wilkins,St. Paul,123-456-1570,ABCD1803K,05-06-2021
573, Maximilian,Petersen,Joplin,123-456-1571,ABCD1804K,16-11-2012
574, Rio,Briggs,Fort Wayne,123-456-1572,ABCD1805K,06-03-2006
575, Braylen,Shah,Montgomery,123-456-1573,ABCD1806K,08-02-2008
576, Julio,Roth,Grand Rapids,123-456-1574,ABCD1807K,03-01-2004
577, Mohammad,Nicholson,Salt Lake City,123-456-1575,ABCD1808K,13-12-2003
578, Cassius,Holloway,Amarillo,123-456-1576,ABCD1809K,15-11-1992
579, Kasen,Lozano,Little Rock,123-456-1577,ABCD1810K,19-03-1996
580, Maximo,Flowers,Shreveport,123-456-1578,ABCD1811K,20-12-1999
581, Omari,Rangel,Des Moines,123-456-1579,ABCD1812K,01-05-1998
582, Clay,Hoover,Mobile,123-456-1580,ABCD1813K,11-04-2009
583, Izaiah,Arias,Knoxville,123-456-1581,ABCD1814K,03-07-2002
584, Lian,Short,Montgomery,123-456-1582,ABCD1815K,08-02-2023
585, Emir,Mora,Overland Park,123-456-1583,ABCD1816K,12-05-2005
586, Jaime,Valenzuela,Cape Coral,123-456-1584,ABCD1817K,20-01-2016
587, Samir,Bryan,Springfield,123-456-1585,ABCD1818K,15-10-2004
588, Gerardo,Meyers,Lancaster,123-456-1586,ABCD1819K,22-03-1997
589, Kaizen,Weiss,Winston-Salem,123-456-1587,ABCD1820K,21-07-2010
590, Zachariah,Underwood,Evansville,123-456-1588,ABCD1821K,24-02-1996
591, Jayson,Bass,Charleston,123-456-1589,ABCD1822K,20-08-2015
592, Albert,Greer,Salem,123-456-1590,ABCD1823K,12-03-2023
593, Taylor,Summers,Huntington,123-456-1591,ABCD1824K,03-05-2004
594, Sincere,Houston,Meridian,123-456-1592,ABCD1825K,13-07-2016
595, Cillian,Carson,Macon,123-456-1593,ABCD1826K,06-07-2018
596, Gunnar,Morrow,Killeen,123-456-1594,ABCD1827K,17-09-2001
597, Boone,Clayton,Billings,123-456-1595,ABCD1828K,12-07-2000
598, Raul,Whitaker,Tyler,123-456-1596,ABCD1829K,03-09-2017
599, Jamie,Decker,Long Beach,123-456-1597,ABCD1830K,03-04-1990
600, Jayceon,Yoder,Boulder,123-456-1598,ABCD1831K,25-08-2015
601, Scott,Collier,Lafayette,123-456-1599,ABCD1832K,20-02-2003
602, Westin,Zuniga,Elyria,123-456-1600,ABCD1833K,26-11-2011
603, Danny,Carey,New York,123-456-1601,ABCD1834K,11-12-2015
604, Arjun,Wilcox,Los Angeles,123-456-1602,ABCD1835K,17-12-2013
605, Kamden,Melendez,Chicago,123-456-1603,ABCD1836K,27-06-1995
606, Colby,Poole,Houston,123-456-1604,ABCD1837K,01-10-1995
607, Peyton,Roberson,Phoenix,123-456-1605,ABCD1838K,04-06-2022
608, Koen,Larsen,Philadelphia,123-456-1606,ABCD1839K,14-10-2015
609, Nikolai,Conley,San Antonio,123-456-1607,ABCD1840K,01-04-2002
610, Dorian,Davenport,San Diego,123-456-1608,ABCD1841K,23-11-2006
611, Ocean,Copeland,Dallas,123-456-1609,ABCD1842K,25-05-2004
612, Louie,Massey,San Jose,123-456-1610,ABCD1843K,15-08-2007
613, Layton,Lam,Austin,123-456-1611,ABCD1844K,24-01-2013
614, Ronald,Huff,Jacksonville,123-456-1612,ABCD1845K,22-11-1993
615, Jase,Rocha,San Francisco,123-456-1613,ABCD1846K,24-01-2010
616, Kyro,Cameron,Columbus,123-456-1614,ABCD1847K,05-02-2007
617, Benson,Jefferson,Indianapolis,123-456-1615,ABCD1848K,20-10-2014
618, Davis,Hood,Fort Worth,123-456-1616,ABCD1849K,12-02-2008
619, Huxley,Monroe,Charlotte,123-456-1617,ABCD1850K,23-02-2017
620, Kenzo,Anthony,Seattle,123-456-1618,ABCD1851K,08-09-2006
621, Conor,Pittman,Denver,123-456-1619,ABCD1852K,07-03-1999
622, Mohammed,Huynh,El Paso,123-456-1620,ABCD1853K,28-01-2019
623, Arturo,Randall,Detroit,123-456-1621,ABCD1854K,17-04-2000
624, Phillip,Singleton,Boston,123-456-1622,ABCD1855K,18-01-2019
625, Augustine,Kirk,Memphis,123-456-1623,ABCD1856K,03-10-1993
626, Reign,Combs,Nashville,123-456-1624,ABCD1857K,17-02-1993
627, Yosef,Mathis,Baltimore,123-456-1625,ABCD1858K,06-02-1996
628, Kareem,Christian,Milwaukee,123-456-1626,ABCD1859K,08-01-2002
629, Keegan,Skinner,Albuquerque,123-456-1627,ABCD1860K,12-02-2020
630, Vicente,Bradford,Tucson,123-456-1628,ABCD1861K,15-06-2020
631, Salem,Richard,Fresno,123-456-1629,ABCD1862K,05-11-2011
632, Reese,Galvan,Sacramento,123-456-1630,ABCD1863K,12-05-2017
633, Fletcher,Wall,Kansas City,123-456-1631,ABCD1864K,20-08-2002
634, Shawn,Boone,Mesa,123-456-1632,ABCD1865K,20-06-2006
635, Braylon,Kirby,Virginia Beach,123-456-1633,ABCD1866K,02-04-2015
636, Alden,Wilkinson,Atlanta,123-456-1634,ABCD1867K,25-10-2011
637, Julien,Bridges,Colorado Springs,123-456-1635,ABCD1868K,24-02-2001
638, Cannon,Bruce,Omaha,123-456-1636,ABCD1869K,21-06-2011
639, Chaim,Atkinson,Raleigh,123-456-1637,ABCD1870K,18-05-1992
640, Gustavo,Velez,Miami,123-456-1638,ABCD1871K,04-01-1994
641, Boston,Meza,Cleveland,123-456-1639,ABCD1872K,04-08-2011
642, Zeke,Roy,Tulsa,123-456-1640,ABCD1873K,08-06-1998
643, Eliam,Vincent,Oakland,123-456-1641,ABCD1874K,12-06-1990
644, Corey,York,Minneapolis,123-456-1642,ABCD1875K,21-04-2014
645, Dennis,Hodge,Wichita,123-456-1643,ABCD1876K,07-02-2008
646, Madden,Villa,Arlington,123-456-1644,ABCD1877K,10-01-1998
647, Marvin,Abbott,Bakersfield,123-456-1645,ABCD1878K,27-06-2009
648, Elio,Allison,Tampa,123-456-1646,ABCD1879K,03-06-2005
649, Krew,Tapia,Aurora,123-456-1647,ABCD1880K,04-12-2016
650, Ahmed,Gates,Anaheim,123-456-1648,ABCD1881K,13-06-2021
651, Layne,Chase,Honolulu,123-456-1649,ABCD1882K,21-01-1995
652, Nikolas,Sosa,Aurora,123-456-1650,ABCD1883K,15-11-2004
653, Mac,Sweeney,Corpus Christi,123-456-1651,ABCD1884K,20-11-2011
654, Otis,Farrell,Lexington,123-456-1652,ABCD1885K,07-01-2007
655, Harlan,Wyatt,Henderson,123-456-1653,ABCD1886K,18-01-2023
656, Azriel,Dalton,Stockton,123-456-1654,ABCD1887K,23-07-1991
657, Emmitt,Horn,Cincinnati,123-456-1655,ABCD1888K,12-09-1993
658, Brixton,Barron,St. Louis,123-456-1656,ABCD1889K,25-07-1993
659, Donald,Phelps,Pittsburgh,123-456-1657,ABCD1890K,04-07-1996
660, Musa,Yu,Greensboro,123-456-1658,ABCD1891K,03-09-2010
661, Amos,Dickerson,Newark,123-456-1659,ABCD1892K,19-01-2000
662, Jamison,Heath,Plano,123-456-1660,ABCD1893K,04-11-2021
663, Dario,Foley,Lincoln,123-456-1661,ABCD1894K,18-06-2007
664, Roland,Atkins,Orlando,123-456-1662,ABCD1895K,18-06-1993
665, Zakai,Mathews,Chula Vista,123-456-1663,ABCD1896K,18-02-2004
666, Aarav,Bonilla,Irvine,123-456-1664,ABCD1897K,06-01-2004
667, Caspian,Acevedo,Reno,123-456-1665,ABCD1898K,20-09-2001
668, Finnley,Benitez,Laredo,123-456-1666,ABCD1899K,28-04-1995
669, Raylan,Zavala,Durham,123-456-1667,ABCD1900K,25-02-1994
670, Mauricio,Hensley,Buffalo,123-456-1668,ABCD1901K,09-06-2002
671, Briar,Glenn,Chandler,123-456-1669,ABCD1902K,23-12-2019
672, Wilson,Cisneros,St. Paul,123-456-1670,ABCD1903K,02-09-2011
673, Chosen,Harrell,Joplin,123-456-1671,ABCD1904K,27-09-1994
674, Sam,Shields,Fort Wayne,123-456-1672,ABCD1905K,06-02-2020
675, Tru,Rubio,Montgomery,123-456-1673,ABCD1906K,23-06-2000
676, Trace,Choi,Grand Rapids,123-456-1674,ABCD1907K,21-10-2019
677, Waylen,Huffman,Salt Lake City,123-456-1675,ABCD1908K,05-12-2021
678, Quincy,Boyer,Amarillo,123-456-1676,ABCD1909K,08-01-2015
679, Santana,Garrison,Little Rock,123-456-1677,ABCD1910K,21-02-2006
680, Creed,Arroyo,Shreveport,123-456-1678,ABCD1911K,26-04-1996
681, Jakari,Bond,Des Moines,123-456-1679,ABCD1912K,18-05-1992
682, Westley,Kane,Mobile,123-456-1680,ABCD1913K,12-10-1990
683, Amias,Hancock,Knoxville,123-456-1681,ABCD1914K,27-02-2001
684, Azrael,Callahan,Montgomery,123-456-1682,ABCD1915K,16-05-2016
685, Drake,Dillon,Overland Park,123-456-1683,ABCD1916K,21-08-1992
686, Duke,Cline,Cape Coral,123-456-1684,ABCD1917K,06-05-2018
687, Ahmad,Wiggins,Springfield,123-456-1685,ABCD1918K,17-01-2010
688, Axton,Grimes,Lancaster,123-456-1686,ABCD1919K,06-02-2002
689, Chandler,Arellano,Winston-Salem,123-456-1687,ABCD1920K,25-01-2003
690, Hassan,Melton,Evansville,123-456-1688,ABCD1921K,04-02-2007
691, Houston,Oneill,Charleston,123-456-1689,ABCD1922K,01-02-2005
692, Tommy,Savage,Salem,123-456-1690,ABCD1923K,24-06-1997
693, Eliseo,Ho,Huntington,123-456-1691,ABCD1924K,28-02-2022
694, Dustin,Beltran,Meridian,123-456-1692,ABCD1925K,10-01-1993
695, Leonard,Pitts,Macon,123-456-1693,ABCD1926K,24-02-2019
696, Kyree,Parrish,Killeen,123-456-1694,ABCD1927K,14-01-1990
697, Truett,Ponce,Billings,123-456-1695,ABCD1928K,14-06-2014
698, Abdiel,Rich,Tyler,123-456-1696,ABCD1929K,07-01-2015
699, Azael,Booth,Long Beach,123-456-1697,ABCD1930K,19-05-1990
700, Ezrah,Koch,Boulder,123-456-1698,ABCD1931K,14-03-2003
701, Zamir,Golden,Lafayette,123-456-1699,ABCD1932K,03-11-1990
702, Dexter,Ware,Elyria,123-456-1700,ABCD1933K,07-12-1990
703, Salvador,Brennan,New York,123-456-1701,ABCD1934K,03-11-1998
704, Uriah,Mcdowell,Los Angeles,123-456-1702,ABCD1935K,01-07-2019
705, Ryland,Marks,Chicago,123-456-1703,ABCD1936K,25-03-2007
706, Zyair,Cantu,Houston,123-456-1704,ABCD1937K,24-11-1993
707, Karim,Humphrey,Phoenix,123-456-1705,ABCD1938K,21-12-1999
708, Lee,Baxter,Philadelphia,123-456-1706,ABCD1939K,14-06-1994
709, Rhodes,Sawyer,San Antonio,123-456-1707,ABCD1940K,04-10-2002
710, Bruno,Clay,San Diego,123-456-1708,ABCD1941K,21-04-2017
711, Case,Tanner,Dallas,123-456-1709,ABCD1942K,11-08-2018
712, Mylo,Hutchinson,San Jose,123-456-1710,ABCD1943K,05-11-2008
713, Valentin,Kaur,Austin,123-456-1711,ABCD1944K,07-11-2013
714, Abram,Berg,Jacksonville,123-456-1712,ABCD1945K,07-08-2006
715, Avyaan,Wiley,San Francisco,123-456-1713,ABCD1946K,17-04-2008
716, Cal,Gilmore,Columbus,123-456-1714,ABCD1947K,18-12-2009
717, Keith,Russo,Indianapolis,123-456-1715,ABCD1948K,03-11-2009
718, Alvaro,Villegas,Fort Worth,123-456-1716,ABCD1949K,08-04-2008
719, Enoch,Hobbs,Charlotte,123-456-1717,ABCD1950K,19-01-2023
720, Trey,Keith,Seattle,123-456-1718,ABCD1951K,13-09-2005
721, Clyde,Wilkerson,Denver,123-456-1719,ABCD1952K,05-06-2003
722, Nathanael,Ahmed,El Paso,123-456-1720,ABCD1953K,01-09-2016
723, Khai,Beard,Detroit,123-456-1721,ABCD1954K,04-09-2016
724, Rex,Mcclain,Boston,123-456-1722,ABCD1955K,01-12-2016
725, Zaid,Montes,Memphis,123-456-1723,ABCD1956K,14-07-2021
726, Dutton,Mata,Nashville,123-456-1724,ABCD1957K,22-02-1998
727, Skyler,Rosario,Baltimore,123-456-1725,ABCD1958K,16-12-2004
728, Tomas,Vang,Milwaukee,123-456-1726,ABCD1959K,13-07-2002
729, Wylder,S,Albuquerque,123-456-1727,ABCD1960K,19-01-1995
730, Darius,S,Tucson,123-456-1728,ABCD1961K,02-06-1992
731, Crue,Walter,Fresno,123-456-1729,ABCD1962K,06-08-1991
732, Jakai,Henson,Sacramento,123-456-1730,ABCD1963K,11-07-2003
733, Zayd,Oneal,Kansas City,123-456-1731,ABCD1964K,23-06-2016
734, Gage,Mosley,Mesa,123-456-1732,ABCD1965K,02-01-2023
735, Riggs,Mcclure,Virginia Beach,123-456-1733,ABCD1966K,11-09-2019
736, Wayne,Beasley,Atlanta,123-456-1734,ABCD1967K,09-03-2008
737, Jiraiya,Stephenson,Colorado Springs,123-456-1735,ABCD1968K,07-10-2008
738, Junior,Snow,Omaha,123-456-1736,ABCD1969K,12-06-1998
739, Aryan,Huerta,Raleigh,123-456-1737,ABCD1970K,04-08-1990
740, Carmelo,Preston,Miami,123-456-1738,ABCD1971K,22-06-2002
741, Conner,Vance,Cleveland,123-456-1739,ABCD1972K,19-03-2001
742, Alberto,Barry,Tulsa,123-456-1740,ABCD1973K,25-07-2014
743, Alfredo,Johns,Oakland,123-456-1741,ABCD1974K,22-08-2023
744, Loyal,Eaton,Minneapolis,123-456-1742,ABCD1975K,24-07-2006
745, Douglas,Blackwell,Wichita,123-456-1743,ABCD1976K,18-03-2012
746, Vincenzo,Dyer,Arlington,123-456-1744,ABCD1977K,24-02-2001
747, Aron,Prince,Bakersfield,123-456-1745,ABCD1978K,25-06-2018
748, Casen,Macdonald,Tampa,123-456-1746,ABCD1979K,17-12-2021
749, Forest,Solomon,Aurora,123-456-1747,ABCD1980K,05-02-2019
750, Avi,Guevara,Anaheim,123-456-1748,ABCD1981K,11-06-1998
751, Bellamy,Stafford,Honolulu,123-456-1749,ABCD1982K,16-04-1996
752, Emery,English,Aurora,123-456-1750,ABCD1983K,03-09-2006
753, Bridger,Hurst,Corpus Christi,123-456-1751,ABCD1984K,01-02-2022
754, Brock,Woodard,Lexington,123-456-1752,ABCD1985K,24-05-1994
755, Misael,Cortes,Henderson,123-456-1753,ABCD1986K,08-08-1993
756, Lennon,Shannon,Stockton,123-456-1754,ABCD1987K,08-08-2011
757, Zahir,Kemp,Cincinnati,123-456-1755,ABCD1988K,06-06-1992
758, Boden,Nolan,St. Louis,123-456-1756,ABCD1989K,09-03-1992
759, Derrick,Mccullough,Pittsburgh,123-456-1757,ABCD1990K,26-07-2012
760, Dilan,Merritt,Greensboro,123-456-1758,ABCD1991K,03-12-2020
761, Roger,Murillo,Newark,123-456-1759,ABCD1992K,06-07-1996
762, Marcel,Moon,Plano,123-456-1760,ABCD1993K,11-03-1990
763, Rayden,Salgado,Lincoln,123-456-1761,ABCD1994K,26-07-2021
764, Jefferson,Strong,Orlando,123-456-1762,ABCD1995K,04-12-2023
765, Alvin,Kline,Chula Vista,123-456-1763,ABCD1996K,24-07-1994
766, Kaiser,Cordova,Irvine,123-456-1764,ABCD1997K,07-08-2015
767, Blaze,Barajas,Reno,123-456-1765,ABCD1998K,07-07-2009
768, Dillon,Roach,Laredo,123-456-1766,ABCD1999K,04-06-1993
769, Magnus,Rosas,Durham,123-456-1767,ABCD2000K,24-08-2014
770, Quentin,Winters,Buffalo,123-456-1768,ABCD2001K,23-08-2009
771, Ray,Jacobson,Chandler,123-456-1769,ABCD2002K,12-11-2008
772, Dakari,Lester,St. Paul,123-456-1770,ABCD2003K,22-02-1992
773, Lachlan,Knox,Joplin,123-456-1771,ABCD2004K,11-10-2019
774, Ty,Bullock,Fort Wayne,123-456-1772,ABCD2005K,16-02-2007
775, Abdullah,Kerr,Montgomery,123-456-1773,ABCD2006K,04-10-1994
776, Chris,Leach,Grand Rapids,123-456-1774,ABCD2007K,24-03-2002
777, Orlando,Meadows,Salt Lake City,123-456-1775,ABCD2008K,19-07-2014
778, Yael,Davila,Amarillo,123-456-1776,ABCD2009K,02-07-2014
779, Gian,Orr,Little Rock,123-456-1777,ABCD2010K,26-06-1996
780, Benicio,Whitehead,Shreveport,123-456-1778,ABCD2011K,27-02-2003
781, Franco,Pruitt,Des Moines,123-456-1779,ABCD2012K,06-01-2018
782, Evander,Kent,Mobile,123-456-1780,ABCD2013K,16-09-2007
783, Flynn,Conway,Knoxville,123-456-1781,ABCD2014K,07-08-1998
784, Harry,Mckee,Montgomery,123-456-1782,ABCD2015K,25-06-1998
785, Robin,Barr,Overland Park,123-456-1783,ABCD2016K,17-02-2002
786, Sevyn,David,Cape Coral,123-456-1784,ABCD2017K,24-04-2002
787, Hugh,Dejesus,Springfield,123-456-1785,ABCD2018K,06-10-1997
788, Aries,Marin,Lancaster,123-456-1786,ABCD2019K,28-05-2005
789, Cason,Berger,Winston-Salem,123-456-1787,ABCD2020K,17-08-2017
790, Idris,Mcintyre,Evansville,123-456-1788,ABCD2021K,20-02-2012
791, Ambrose,Blankenship,Charleston,123-456-1789,ABCD2022K,28-11-1998
792, Issac,Gaines,Salem,123-456-1790,ABCD2023K,17-05-2020
793, Yehuda,Palacios,Huntington,123-456-1791,ABCD2024K,23-10-2008
794, Brycen,Cuevas,Meridian,123-456-1792,ABCD2025K,07-08-1990
795, Cayson,Bartlett,Macon,123-456-1793,ABCD2026K,11-11-2010
796, Rey,Durham,Killeen,123-456-1794,ABCD2027K,02-02-2006
797, Santos,Dorsey,Billings,123-456-1795,ABCD2028K,25-06-2006
798, Ben,Mccall,Tyler,123-456-1796,ABCD2029K,25-10-2011
799, Nelson,Odonnell,Long Beach,123-456-1797,ABCD2030K,23-10-2023
800, Wes,Stein,Boulder,123-456-1798,ABCD2031K,26-05-2022
801, Westyn,Browning,Lafayette,123-456-1799,ABCD2032K,01-04-2014
802, Khaza,Stout,Elyria,123-456-1800,ABCD2033K,22-06-2013
803, Bjorn,Lowery,New York,123-456-1801,ABCD2034K,18-05-1992
804, Kiaan,Sloan,Los Angeles,123-456-1802,ABCD2035K,14-06-2016
805, Seven,Mclean,Chicago,123-456-1803,ABCD2036K,24-06-2022
806, Watson,Hendricks,Houston,123-456-1804,ABCD2037K,27-10-1991
807, Gatlin,Calhoun,Phoenix,123-456-1805,ABCD2038K,08-05-1993
808, Izael,Sexton,Philadelphia,123-456-1806,ABCD2039K,26-01-2020
809, Stanley,Chung,San Antonio,123-456-1807,ABCD2040K,07-01-2022
810, Allan,Gentry,San Diego,123-456-1808,ABCD2041K,04-03-2011
811, Jahmir,Hull,Dallas,123-456-1809,ABCD2042K,07-06-2021
812, Landen,Duarte,San Jose,123-456-1810,ABCD2043K,16-11-2003
813, Neil,Ellison,Austin,123-456-1811,ABCD2044K,04-09-1996
814, Quinton,Nielsen,Jacksonville,123-456-1812,ABCD2045K,27-10-2017
815, Chozen,Gillespie,San Francisco,123-456-1813,ABCD2046K,18-06-2019
816, Noe,Buck,Columbus,123-456-1814,ABCD2047K,11-09-2022
817, Reuben,Middleton,Indianapolis,123-456-1815,ABCD2048K,09-08-2012
818, Damir,Sellers,Fort Worth,123-456-1816,ABCD2049K,08-10-2001
819, Bear,Leblanc,Charlotte,123-456-1817,ABCD2050K,01-01-1996
820, Jimmy,Esparza,Seattle,123-456-1818,ABCD2051K,06-09-2010
821, Kannon,Hardin,Denver,123-456-1819,ABCD2052K,08-03-2009
822, Lance,Bradshaw,El Paso,123-456-1820,ABCD2053K,06-02-2012
823, Melvin,Mcintosh,Detroit,123-456-1821,ABCD2054K,27-08-1997
824, Remi,Howe,Boston,123-456-1822,ABCD2055K,01-10-2021
825, Yousef,Livingston,Memphis,123-456-1823,ABCD2056K,11-06-2001
826, Lochlan,Frost,Nashville,123-456-1824,ABCD2057K,12-12-1996
827, Arian,Glass,Baltimore,123-456-1825,ABCD2058K,09-03-1997
828, Kenji,Morse,Milwaukee,123-456-1826,ABCD2059K,10-10-2012
829, Khari,Knapp,Albuquerque,123-456-1827,ABCD2060K,26-09-2013
830, Rohan,Herman,Tucson,123-456-1828,ABCD2061K,20-11-1998
831, Legacy,Stark,Fresno,123-456-1829,ABCD2062K,03-03-2015
832, Edison,Bravo,Sacramento,123-456-1830,ABCD2063K,14-04-1992
833, Emory,Noble,Kansas City,123-456-1831,ABCD2064K,21-07-2002
834, Rudy,Spears,Mesa,123-456-1832,ABCD2065K,28-12-2022
835, Eliel,Weeks,Virginia Beach,123-456-1833,ABCD2066K,12-11-2006
836, Aden,Corona,Atlanta,123-456-1834,ABCD2067K,22-03-2007
837, Byron,Frederick,Colorado Springs,123-456-1835,ABCD2068K,22-07-2002
838, Dereck,Buckley,Omaha,123-456-1836,ABCD2069K,11-10-2020
839, Everest,Mcfarland,Raleigh,123-456-1837,ABCD2070K,04-11-2022
840, Yahir,Hebert,Miami,123-456-1838,ABCD2071K,22-05-2018
841, Guillermo,Enriquez,Cleveland,123-456-1839,ABCD2072K,08-04-1998
842, Alec,Hickman,Tulsa,123-456-1840,ABCD2073K,04-10-2023
843, Brodie,Quintero,Oakland,123-456-1841,ABCD2074K,28-08-1993
844, Massimo,Randolph,Minneapolis,123-456-1842,ABCD2075K,15-07-2015
845, Mitchell,Schaefer,Wichita,123-456-1843,ABCD2076K,03-12-2016
846, Anders,Walls,Arlington,123-456-1844,ABCD2077K,02-05-1992
847, Alonso,Trejo,Bakersfield,123-456-1845,ABCD2078K,27-07-2011
848, Jaxxon,House,Tampa,123-456-1846,ABCD2079K,22-02-2008
849, Tony,Reilly,Aurora,123-456-1847,ABCD2080K,22-07-1995
850, Jireh,Pennington,Anaheim,123-456-1848,ABCD2081K,08-04-2011
851, Kingsley,Michael,Honolulu,123-456-1849,ABCD2082K,25-02-2020
852, Jerry,Conrad,Aurora,123-456-1850,ABCD2083K,01-06-2014
853, Ayan,Giles,Corpus Christi,123-456-1851,ABCD2084K,17-06-2010
854, Brayan,Benjamin,Lexington,123-456-1852,ABCD2085K,05-04-2000
855, Ramon,Crosby,Henderson,123-456-1853,ABCD2086K,07-05-2018
856, Jagger,Fitzpatrick,Stockton,123-456-1854,ABCD2087K,26-07-2012
857, Elisha,Donovan,Cincinnati,123-456-1855,ABCD2088K,09-11-2003
858, Vihaan,Mays,St. Louis,123-456-1856,ABCD2089K,28-04-2015
859, Teo,Mahoney,Pittsburgh,123-456-1857,ABCD2090K,09-03-2021
860, Eddie,Valentine,Greensboro,123-456-1858,ABCD2091K,06-09-2019
861, Judson,Raymond,Newark,123-456-1859,ABCD2092K,04-05-1995
862, Leif,Medrano,Plano,123-456-1860,ABCD2093K,03-12-2018
863, Trenton,Hahn,Lincoln,123-456-1861,ABCD2094K,01-11-2004
864, Grey,Mcmillan,Orlando,123-456-1862,ABCD2095K,24-12-2013
865, Joziah,Small,Chula Vista,123-456-1863,ABCD2096K,12-09-1995
866, Felipe,Bentley,Irvine,123-456-1864,ABCD2097K,27-06-2021
867, Jesiah,Felix,Reno,123-456-1865,ABCD2098K,10-01-1993
868, Zyon,Peck,Laredo,123-456-1866,ABCD2099K,24-04-2017
869, Kyaire,Lucero,Durham,123-456-1867,ABCD2100K,18-12-1993
870, Ernesto,Boyle,Buffalo,123-456-1868,ABCD2101K,03-10-2017
871, Ishaan,Hanna,Chandler,123-456-1869,ABCD2102K,19-07-2013
872, Matheo,Pace,St. Paul,123-456-1870,ABCD2103K,24-07-1992
873, Ricky,Rush,Joplin,123-456-1871,ABCD2104K,03-06-2009
874, Fisher,Hurley,Fort Wayne,123-456-1872,ABCD2105K,13-06-1992
875, Keaton,Harding,Montgomery,123-456-1873,ABCD2106K,06-05-2003
876, Kylen,Mcconnell,Grand Rapids,123-456-1874,ABCD2107K,15-07-2014
877, Marcellus,Bernal,Salt Lake City,123-456-1875,ABCD2108K,17-07-2017
878, Izan,Nava,Amarillo,123-456-1876,ABCD2109K,26-08-2014
879, Leroy,Ayers,Little Rock,123-456-1877,ABCD2110K,20-10-2021
880, Jedidiah,Everett,Shreveport,123-456-1878,ABCD2111K,07-04-1999
881, Ignacio,Ventura,Des Moines,123-456-1879,ABCD2112K,11-09-2018
882, Ira,Avery,Mobile,123-456-1880,ABCD2113K,24-05-2013
883, Zev,Pugh,Knoxville,123-456-1881,ABCD2114K,08-12-2006
884, Mustafa,Mayer,Montgomery,123-456-1882,ABCD2115K,18-02-2020
885, Yahya,Bender,Overland Park,123-456-1883,ABCD2116K,21-10-2006
886, Aurelio,Shepard,Cape Coral,123-456-1884,ABCD2117K,05-05-2007
887, Brendan,Mcmahon,Springfield,123-456-1885,ABCD2118K,06-10-2006
888, Calum,Landry,Lancaster,123-456-1886,ABCD2119K,11-08-2021
889, Jericho,Case,Winston-Salem,123-456-1887,ABCD2120K,06-03-2018
890, Nixon,Sampson,Evansville,123-456-1888,ABCD2121K,17-02-2006
891, Demetrius,Moses,Charleston,123-456-1889,ABCD2122K,02-02-1999
892, Eiden,Magana,Salem,123-456-1890,ABCD2123K,19-12-2012
893, Rocky,Blackburn,Huntington,123-456-1891,ABCD2124K,14-08-2002
894, Langston,Dunlap,Meridian,123-456-1892,ABCD2125K,06-09-2019
895, Jovanni,Gould,Macon,123-456-1893,ABCD2126K,04-05-1990
896, Mathew,Duffy,Killeen,123-456-1894,ABCD2127K,11-06-2011
897, Landyn,Vaughan,Billings,123-456-1895,ABCD2128K,02-02-2016
898, Murphy,Herring,Tyler,123-456-1896,ABCD2129K,23-07-2001
899, Axl,Mckay,Long Beach,123-456-1897,ABCD2130K,09-01-1993
900, Dane,Espinosa,Boulder,123-456-1898,ABCD2131K,27-11-1993
901, Jrue,Rivers,Lafayette,123-456-1899,ABCD2132K,05-11-2023
902, Justice,Farley,Elyria,123-456-1900,ABCD2133K,24-12-1993
903, Kellan,Bernard,New York,123-456-1901,ABCD2134K,06-02-2017
904, Semaj,Ashley,Los Angeles,123-456-1902,ABCD2135K,13-01-2015
905, Thaddeus,Friedman,Chicago,123-456-1903,ABCD2136K,13-08-1997
906, Curtis,Potts,Houston,123-456-1904,ABCD2137K,24-05-2009
907, Dash,Truong,Phoenix,123-456-1905,ABCD2138K,24-12-2014
908, Zavier,Costa,Philadelphia,123-456-1906,ABCD2139K,01-09-2016
909, Devon,Correa,San Antonio,123-456-1907,ABCD2140K,25-07-1990
910, Joe,Blevins,San Diego,123-456-1908,ABCD2141K,11-04-1991
911, Joey,Nixon,Dallas,123-456-1909,ABCD2142K,17-07-1990
912, Jon,Clements,San Jose,123-456-1910,ABCD2143K,03-10-2023
913, Harlem,Fry,Austin,123-456-1911,ABCD2144K,22-03-2018
914, Jairo,Delarosa,Jacksonville,123-456-1912,ABCD2145K,11-09-2014
915, Ryatt,Best,San Francisco,123-456-1913,ABCD2146K,10-09-2011
916, Salvatore,Benton,Columbus,123-456-1914,ABCD2147K,01-02-2023
917, Van,Lugo,Indianapolis,123-456-1915,ABCD2148K,28-04-2010
918, Zechariah,Portillo,Fort Worth,123-456-1916,ABCD2149K,21-11-2016
919, Coleson,Dougherty,Charlotte,123-456-1917,ABCD2150K,01-05-2003
920, Eugene,Crane,Seattle,123-456-1918,ABCD2151K,06-12-2020
921, Kellen,Haley,Denver,123-456-1919,ABCD2152K,03-06-1996
922, Alistair,Phan,El Paso,123-456-1920,ABCD2153K,20-03-1995
923, Colten,Villalobos,Detroit,123-456-1921,ABCD2154K,26-10-2018
924, Jabari,Blanchard,Boston,123-456-1922,ABCD2155K,05-05-2020
925, Lucien,Horne,Memphis,123-456-1923,ABCD2156K,07-09-2016
926, Castiel,Finley,Nashville,123-456-1924,ABCD2157K,14-09-1998
927, Cain,Quintana,Baltimore,123-456-1925,ABCD2158K,06-12-1992
928, Harold,Lynn,Milwaukee,123-456-1926,ABCD2159K,11-09-2009
929, Alfred,Esquivel,Albuquerque,123-456-1927,ABCD2160K,05-09-2011
930, Benedict,Bean,Tucson,123-456-1928,ABCD2161K,22-06-2011
931, Shmuel,Dodson,Fresno,123-456-1929,ABCD2162K,08-03-2010
932, Duncan,Mullen,Sacramento,123-456-1930,ABCD2163K,17-09-2012
933, Ermias,Xiong,Kansas City,123-456-1931,ABCD2164K,04-12-2008
934, Yadiel,Hayden,Mesa,123-456-1932,ABCD2165K,19-06-2016
935, Imran,Cano,Virginia Beach,123-456-1933,ABCD2166K,16-11-1992
936, Kaisen,Levy,Atlanta,123-456-1934,ABCD2167K,05-10-1994
937, Zen,Huber,Colorado Springs,123-456-1935,ABCD2168K,26-08-2005
938, Eren,Richmond,Omaha,123-456-1936,ABCD2169K,17-10-2019
939, Kolson,Moyer,Raleigh,123-456-1937,ABCD2170K,26-03-2018
940, Kye,Lim,Miami,123-456-1938,ABCD2171K,03-09-2023
941, Jasiel,Frye,Cleveland,123-456-1939,ABCD2172K,25-01-2000
942, Kyren,Sheppard,Tulsa,123-456-1940,ABCD2173K,12-09-2010
943, Marlon,Mccarty,Oakland,123-456-1941,ABCD2174K,28-05-1995
944, Palmer,Avalos,Minneapolis,123-456-1942,ABCD2175K,20-09-1993
945, Adler,Booker,Wichita,123-456-1943,ABCD2176K,23-04-2018
946, Aldo,Waller,Arlington,123-456-1944,ABCD2177K,27-10-2008
947, Meir,Parra,Bakersfield,123-456-1945,ABCD2178K,09-10-2003
948, Osiris,Woodward,Tampa,123-456-1946,ABCD2179K,19-12-1992
949, Ameer,Jaramillo,Aurora,123-456-1947,ABCD2180K,05-05-1999
950, Kartier,Krueger,Anaheim,123-456-1948,ABCD2181K,02-08-2020
951, Wesson,Rasmussen,Honolulu,123-456-1949,ABCD2182K,21-06-2005
952, Ahmir,Brandt,Aurora,123-456-1950,ABCD2183K,23-01-2010
953, Mordechai,Peralta,Corpus Christi,123-456-1951,ABCD2184K,07-05-2017
954, Nova,Donaldson,Lexington,123-456-1952,ABCD2185K,03-08-1994
955, Randy,Stuart,Henderson,123-456-1953,ABCD2186K,20-10-1991
956, Shepard,Faulkner,Stockton,123-456-1954,ABCD2187K,06-07-2021
957, Talon,Maynard,Cincinnati,123-456-1955,ABCD2188K,27-02-2006
958, Vance,Galindo,St. Louis,123-456-1956,ABCD2189K,22-05-2002
959, Asaiah,Coffey,Pittsburgh,123-456-1957,ABCD2190K,09-09-2004
960, Boaz,Estes,Greensboro,123-456-1958,ABCD2191K,07-05-2002
961, Kenai,Sanford,Newark,123-456-1959,ABCD2192K,23-04-2020
962, Jones,Burch,Plano,123-456-1960,ABCD2193K,25-06-2008
963, Carl,Maddox,Lincoln,123-456-1961,ABCD2194K,01-03-1991
964, Stefan,Vo,Orlando,123-456-1962,ABCD2195K,07-07-2006
965, Deandre,Oconnell,Chula Vista,123-456-1963,ABCD2196K,19-03-2015
966, Kelvin,Vu,Irvine,123-456-1964,ABCD2197K,20-05-2000
967, Leighton,S,Reno,123-456-1965,ABCD2198K,23-11-2003
968, Yaakov,S,Laredo,123-456-1966,ABCD2199K,24-03-2011
969, Foster,Andersen,Durham,123-456-1967,ABCD2200K,09-05-1990
970, Rishi,Spence,Buffalo,123-456-1968,ABCD2201K,11-09-2019
971, Yisroel,Mcpherson,Chandler,123-456-1969,ABCD2202K,07-02-1996
972, Darwin,Church,St. Paul,123-456-1970,ABCD2203K,06-09-2010
973, Neo,Schmitt,Joplin,123-456-1971,ABCD2204K,07-05-2020
974, Titan,Stanton,Fort Wayne,123-456-1972,ABCD2205K,22-08-2016
975, Maurice,Leal,Montgomery,123-456-1973,ABCD2206K,03-07-2021
976, Mccoy,Cherry,Grand Rapids,123-456-1974,ABCD2207K,02-08-2011
977, Alfonso,Compton,Salt Lake City,123-456-1975,ABCD2208K,19-04-2014
978, Henrik,Dudley,Amarillo,123-456-1976,ABCD2209K,11-02-2014
979, Jeremias,Sierra,Little Rock,123-456-1977,ABCD2210K,10-05-2020
980, Kole,Pollard,Shreveport,123-456-1978,ABCD2211K,26-11-1994
981, Mael,Alfaro,Des Moines,123-456-1979,ABCD2212K,11-08-2018
982, True,Hester,Mobile,123-456-1980,ABCD2213K,14-07-2008
983, Veer,Proctor,Knoxville,123-456-1981,ABCD2214K,20-03-2016
984, Jadiel,Lu,Montgomery,123-456-1982,ABCD2215K,05-07-2023
985, Karsyn,Hinton,Overland Park,123-456-1983,ABCD2216K,28-02-2015
986, Mekhi,Novak,Cape Coral,123-456-1984,ABCD2217K,16-09-1997
987, Atharv,Good,Springfield,123-456-1985,ABCD2218K,17-06-2013
988, Darren,Madden,Lancaster,123-456-1986,ABCD2219K,28-12-2000
 ? 989.00 , Eliezer,Mccann,Winston-Salem,123-456-1987,ABCD2220K,13-08-1992
 ? 990.00 , Gordon,Terrell,Evansville,123-456-1988,ABCD2221K,15-08-2008
 ? 991.00 , Mikael,Jarvis,Charleston,123-456-1989,ABCD2222K,04-11-2003
 ? 992.00 , Stone,Dickson,Salem,123-456-1990,ABCD2223K,15-06-2012
 ? 993.00 , Wren,Reyna,Huntington,123-456-1991,ABCD2224K,05-01-2010
 ? 994.00 , Ephraim,Cantrell,Meridian,123-456-1992,ABCD2225K,17-08-2019
 ? 995.00 , Osman,Mayo,Macon,123-456-1993,ABCD2226K,03-07-1994
 ? 996.00 , Ulises,Branch,Killeen,123-456-1994,ABCD2227K,02-06-2000
 ? 997.00 , Kody,Hendrix,Billings,123-456-1995,ABCD2228K,20-01-2021
 ? 998.00 , Thatcher,Rollins,Tyler,123-456-1996,ABCD2229K,20-02-2003
999, Abner,Rowland,Long Beach,123-456-1997,ABCD2230K,26-10-2002
1000, Cullen,Whitney,Boulder,123-456-1998,ABCD2231K,28-03-2018
1001, Damari,Duke,Lafayette,123-456-1999,ABCD2232K,05-04-1998
1002, Hollis,Odom,Elyria,123-456-2000,ABCD2233K,20-08-2013
